web-scraper-order,web-scraper-start-url,Games,Games-href,Date,Teams,ODDH,ODDD,ODDA,Warning
"1600979411-1408","https://www.oddsportal.com/soccer/scotland/premiership-2018-2019/results/","Aberdeen - St. Mirren","https://www.oddsportal.com/soccer/scotland/premiership-2018-2019/aberdeen-st-mirren-fHrFQGoS/","Saturday, 06 Oct  2018, 14:00","Aberdeen - St. Mirren","1.51","3.91","7.34","Final result"
"1600979409-1407","https://www.oddsportal.com/soccer/scotland/premiership-2018-2019/results/","Dundee FC - Kilmarnock","https://www.oddsportal.com/soccer/scotland/premiership-2018-2019/dundee-fc-kilmarnock-QaVtMzfq/","Saturday, 06 Oct  2018, 14:00","Dundee FC - Kilmarnock","3.91","3.64","1.91","Final result"
"1600979678-1504","https://www.oddsportal.com/soccer/scotland/premiership-2018-2019/results/","Hibernian - Aberdeen","https://www.oddsportal.com/soccer/scotland/premiership-2018-2019/hibernian-aberdeen-bPTTrDJn/","Saturday, 02 Feb  2019, 14:00","Hibernian - Aberdeen","2.81","3.27","2.56","Final result"
"1600979888-1588","https://www.oddsportal.com/soccer/scotland/premiership-2018-2019/results/","Dundee Utd - Inverness","https://www.oddsportal.com/soccer/scotland/premiership-2018-2019/dundee-utd-inverness-WxSVq4FL/","Friday, 17 May  2019, 18:45","Dundee Utd - Inverness","2.01","3.31","3.79","Final result"
"1600979814-1558","https://www.oddsportal.com/soccer/scotland/premiership-2018-2019/results/","Dundee FC - Aberdeen","https://www.oddsportal.com/soccer/scotland/premiership-2018-2019/dundee-fc-aberdeen-pKtzD6zC/","Saturday, 06 Apr  2019, 14:00","Dundee FC - Aberdeen","6.26","3.96","1.56","Final result"
"1600979652-1494","https://www.oddsportal.com/soccer/scotland/premiership-2018-2019/results/","Dundee FC - Motherwell","https://www.oddsportal.com/soccer/scotland/premiership-2018-2019/dundee-fc-motherwell-IBe7RBlC/","Saturday, 26 Jan  2019, 14:00","Dundee FC - Motherwell","3.62","3.36","2.08","Final result"
"1600979588-1469","https://www.oddsportal.com/soccer/scotland/premiership-2018-2019/results/","Celtic - Motherwell","https://www.oddsportal.com/soccer/scotland/premiership-2018-2019/celtic-motherwell-8rmXWi81/","Wednesday, 19 Dec  2018, 18:45","Celtic - Motherwell","1.19","6.57","15.53","Final result"
"1600979324-1373","https://www.oddsportal.com/soccer/scotland/premiership-2018-2019/results/","St Johnstone - Hibernian","https://www.oddsportal.com/soccer/scotland/premiership-2018-2019/st-johnstone-hibernian-bizA2kcg/","Sunday, 12 Aug  2018, 14:00","St Johnstone - Hibernian","3.06","3.21","2.43","Final result"
"1600979603-1475","https://www.oddsportal.com/soccer/scotland/premiership-2018-2019/results/","St Johnstone - Rangers","https://www.oddsportal.com/soccer/scotland/premiership-2018-2019/st-johnstone-rangers-hUsn3y6f/","Sunday, 23 Dec  2018, 11:15","St Johnstone - Rangers","5.86","3.90","1.59","Final result"
"1600979640-1489","https://www.oddsportal.com/soccer/scotland/premiership-2018-2019/results/","Motherwell - Hibernian","https://www.oddsportal.com/soccer/scotland/premiership-2018-2019/motherwell-hibernian-QesbVgkm/","Wednesday, 23 Jan  2019, 18:45","Motherwell - Hibernian","3.18","3.23","2.33","Final result"
"1600979542-1460","https://www.oddsportal.com/soccer/scotland/premiership-2018-2019/results/","Aberdeen - Livingston","https://www.oddsportal.com/soccer/scotland/premiership-2018-2019/aberdeen-livingston-v9rTXXhe/","Tuesday, 11 Dec  2018, 18:45","Aberdeen - Livingston","1.88","3.18","4.81","Final result"
"1600979449-1423","https://www.oddsportal.com/soccer/scotland/premiership-2018-2019/results/","Hearts - Hibernian","https://www.oddsportal.com/soccer/scotland/premiership-2018-2019/hearts-hibernian-vsMeZpUa/","Wednesday, 31 Oct  2018, 18:45","Hearts - Hibernian","2.59","3.27","2.76","Final result"
"1600979373-1393","https://www.oddsportal.com/soccer/scotland/premiership-2018-2019/results/","Hearts - Livingston","https://www.oddsportal.com/soccer/scotland/premiership-2018-2019/hearts-livingston-GC4xDcHS/","Saturday, 22 Sep  2018, 14:00","Hearts - Livingston","1.68","3.69","5.40","Final result"
"1600979434-1417","https://www.oddsportal.com/soccer/scotland/premiership-2018-2019/results/","Dundee FC - Hearts","https://www.oddsportal.com/soccer/scotland/premiership-2018-2019/dundee-fc-hearts-nZoyWBN7/","Tuesday, 23 Oct  2018, 18:45","Dundee FC - Hearts","5.40","3.87","1.63","Final result"
"1600979751-1533","https://www.oddsportal.com/soccer/scotland/premiership-2018-2019/results/","Livingston - St Johnstone","https://www.oddsportal.com/soccer/scotland/premiership-2018-2019/livingston-st-johnstone-EDox6bNR/","Saturday, 09 Mar  2019, 14:00","Livingston - St Johnstone","2.51","3.05","3.09","Final result"
"1600979838-1568","https://www.oddsportal.com/soccer/scotland/premiership-2018-2019/results/","St. Mirren - St Johnstone","https://www.oddsportal.com/soccer/scotland/premiership-2018-2019/st-mirren-st-johnstone-EFty1ArA/","Saturday, 27 Apr  2019, 14:00","St. Mirren - St Johnstone","2.55","3.17","2.90","Final result"
"1600979368-1391","https://www.oddsportal.com/soccer/scotland/premiership-2018-2019/results/","Livingston - Hamilton","https://www.oddsportal.com/soccer/scotland/premiership-2018-2019/livingston-hamilton-bBWQfbep/","Saturday, 15 Sep  2018, 14:00","Livingston - Hamilton","1.98","3.28","4.21","Final result"
"1600979846-1571","https://www.oddsportal.com/soccer/scotland/premiership-2018-2019/results/","Hibernian - Hearts","https://www.oddsportal.com/soccer/scotland/premiership-2018-2019/hibernian-hearts-KzARpbhC/","Sunday, 28 Apr  2019, 11:15","Hibernian - Hearts","2.16","3.31","3.47","Final result"
"1600979691-1509","https://www.oddsportal.com/soccer/scotland/premiership-2018-2019/results/","Hamilton - St Johnstone","https://www.oddsportal.com/soccer/scotland/premiership-2018-2019/hamilton-st-johnstone-bsu4pQfi/","Wednesday, 06 Feb  2019, 18:45","Hamilton - St Johnstone","3.69","3.25","2.11","Final result"
"1600979472-1432","https://www.oddsportal.com/soccer/scotland/premiership-2018-2019/results/","Aberdeen - Hibernian","https://www.oddsportal.com/soccer/scotland/premiership-2018-2019/aberdeen-hibernian-QcpwnOD5/","Friday, 09 Nov  2018, 18:45","Aberdeen - Hibernian","2.18","3.39","3.29","Final result"
"1600979819-1560","https://www.oddsportal.com/soccer/scotland/premiership-2018-2019/results/","Motherwell - Rangers","https://www.oddsportal.com/soccer/scotland/premiership-2018-2019/motherwell-rangers-r9BkFdHu/","Sunday, 07 Apr  2019, 11:30","Motherwell - Rangers","5.93","4.10","1.56","Final result"
"1600979600-1474","https://www.oddsportal.com/soccer/scotland/premiership-2018-2019/results/","Aberdeen - Hearts","https://www.oddsportal.com/soccer/scotland/premiership-2018-2019/aberdeen-hearts-re82BabE/","Saturday, 22 Dec  2018, 14:00","Aberdeen - Hearts","1.95","3.44","3.99","Final result"
"1600979843-1570","https://www.oddsportal.com/soccer/scotland/premiership-2018-2019/results/","Hamilton - Livingston","https://www.oddsportal.com/soccer/scotland/premiership-2018-2019/hamilton-livingston-6kwT2WDc/","Saturday, 27 Apr  2019, 14:00","Hamilton - Livingston","2.97","3.22","2.45","Final result"
"1600979547-1462","https://www.oddsportal.com/soccer/scotland/premiership-2018-2019/results/","St. Mirren - Aberdeen","https://www.oddsportal.com/soccer/scotland/premiership-2018-2019/st-mirren-aberdeen-449bCuq8/","Saturday, 15 Dec  2018, 14:00","St. Mirren - Aberdeen","5.21","3.62","1.71","Final result"
"1600979309-1367","https://www.oddsportal.com/soccer/scotland/premiership-2018-2019/results/","Aberdeen - Rangers","https://www.oddsportal.com/soccer/scotland/premiership-2018-2019/aberdeen-rangers-EogpnUCC/","Sunday, 05 Aug  2018, 12:00","Aberdeen - Rangers","3.51","3.46","2.09","Final result"
"1600979512-1448","https://www.oddsportal.com/soccer/scotland/premiership-2018-2019/results/","St Johnstone - Hearts","https://www.oddsportal.com/soccer/scotland/premiership-2018-2019/st-johnstone-hearts-2LIx5xKp/","Wednesday, 05 Dec  2018, 18:45","St Johnstone - Hearts","2.51","3.46","2.73","Final result"
"1600979763-1538","https://www.oddsportal.com/soccer/scotland/premiership-2018-2019/results/","Hibernian - Motherwell","https://www.oddsportal.com/soccer/scotland/premiership-2018-2019/hibernian-motherwell-MJ83MJ78/","Saturday, 16 Mar  2019, 14:00","Hibernian - Motherwell","2.05","3.33","3.81","Final result"
"1600979366-1390","https://www.oddsportal.com/soccer/scotland/premiership-2018-2019/results/","Motherwell - Hearts","https://www.oddsportal.com/soccer/scotland/premiership-2018-2019/motherwell-hearts-x2VUgIAj/","Saturday, 15 Sep  2018, 14:00","Motherwell - Hearts","2.73","3.33","2.61","Final result"
"1600979482-1436","https://www.oddsportal.com/soccer/scotland/premiership-2018-2019/results/","Livingston - Celtic","https://www.oddsportal.com/soccer/scotland/premiership-2018-2019/livingston-celtic-GnwjqMcO/","Sunday, 11 Nov  2018, 11:00","Livingston - Celtic","12.52","5.75","1.25","Final result"
"1600979311-1368","https://www.oddsportal.com/soccer/scotland/premiership-2018-2019/results/","Hibernian - Motherwell","https://www.oddsportal.com/soccer/scotland/premiership-2018-2019/hibernian-motherwell-Od0XlWSg/","Sunday, 05 Aug  2018, 14:00","Hibernian - Motherwell","1.73","3.85","4.70","Final result"
"1600979821-1561","https://www.oddsportal.com/soccer/scotland/premiership-2018-2019/results/","Hearts - Rangers","https://www.oddsportal.com/soccer/scotland/premiership-2018-2019/hearts-rangers-GrDAltgm/","Saturday, 20 Apr  2019, 11:00","Hearts - Rangers","5.10","3.88","1.66","Final result"
"1600979793-1550","https://www.oddsportal.com/soccer/scotland/premiership-2018-2019/results/","St Johnstone - Dundee FC","https://www.oddsportal.com/soccer/scotland/premiership-2018-2019/st-johnstone-dundee-fc-fVmNF8jg/","Wednesday, 03 Apr  2019, 18:45","St Johnstone - Dundee FC","1.95","3.25","4.27","Final result"
"1600979534-1457","https://www.oddsportal.com/soccer/scotland/premiership-2018-2019/results/","Celtic - Kilmarnock","https://www.oddsportal.com/soccer/scotland/premiership-2018-2019/celtic-kilmarnock-rX9FClwi/","Saturday, 08 Dec  2018, 14:00","Celtic - Kilmarnock","1.29","5.36","11.02","Final result"
"1600979396-1402","https://www.oddsportal.com/soccer/scotland/premiership-2018-2019/results/","Hamilton - Dundee FC","https://www.oddsportal.com/soccer/scotland/premiership-2018-2019/hamilton-dundee-fc-nohfVvXd/","Saturday, 29 Sep  2018, 14:00","Hamilton - Dundee FC","2.47","3.27","2.92","Final result"
"1600979858-1576","https://www.oddsportal.com/soccer/scotland/premiership-2018-2019/results/","Dundee FC - Hamilton","https://www.oddsportal.com/soccer/scotland/premiership-2018-2019/dundee-fc-hamilton-dvWu0UcG/","Saturday, 04 May  2019, 14:00","Dundee FC - Hamilton","2.18","3.43","3.31","Final result"
"1600979383-1397","https://www.oddsportal.com/soccer/scotland/premiership-2018-2019/results/","Kilmarnock - Celtic","https://www.oddsportal.com/soccer/scotland/premiership-2018-2019/kilmarnock-celtic-xGA38HPq/","Sunday, 23 Sep  2018, 11:30","Kilmarnock - Celtic","7.41","4.17","1.48","Final result"
"1600979470-1431","https://www.oddsportal.com/soccer/scotland/premiership-2018-2019/results/","Kilmarnock - Aberdeen","https://www.oddsportal.com/soccer/scotland/premiership-2018-2019/kilmarnock-aberdeen-tArRlQTn/","Sunday, 04 Nov  2018, 11:15","Kilmarnock - Aberdeen","2.87","3.13","2.59","Final result"
"1600979461-1428","https://www.oddsportal.com/soccer/scotland/premiership-2018-2019/results/","Hibernian - St Johnstone","https://www.oddsportal.com/soccer/scotland/premiership-2018-2019/hibernian-st-johnstone-bogMk6Et/","Saturday, 03 Nov  2018, 14:00","Hibernian - St Johnstone","1.66","4.00","4.96","Final result"
"1600979593-1471","https://www.oddsportal.com/soccer/scotland/premiership-2018-2019/results/","Hibernian - Livingston","https://www.oddsportal.com/soccer/scotland/premiership-2018-2019/hibernian-livingston-d2lw5cyr/","Saturday, 22 Dec  2018, 14:00","Hibernian - Livingston","1.88","3.34","4.50","Final result"
"1600979834-1566","https://www.oddsportal.com/soccer/scotland/premiership-2018-2019/results/","Hibernian - Celtic","https://www.oddsportal.com/soccer/scotland/premiership-2018-2019/hibernian-celtic-CA6JnKNa/","Sunday, 21 Apr  2019, 11:30","Hibernian - Celtic","7.80","4.49","1.42","Final result"
"1600979783-1546","https://www.oddsportal.com/soccer/scotland/premiership-2018-2019/results/","Hearts - Aberdeen","https://www.oddsportal.com/soccer/scotland/premiership-2018-2019/hearts-aberdeen-n1hrFy0r/","Saturday, 30 Mar  2019, 14:00","Hearts - Aberdeen","2.93","3.17","2.52","Final result"
"1600979484-1437","https://www.oddsportal.com/soccer/scotland/premiership-2018-2019/results/","Rangers - Motherwell","https://www.oddsportal.com/soccer/scotland/premiership-2018-2019/rangers-motherwell-UksfrtDU/","Sunday, 11 Nov  2018, 14:00","Rangers - Motherwell","1.43","4.50","7.41","Final result"
"1600979703-1514","https://www.oddsportal.com/soccer/scotland/premiership-2018-2019/results/","Livingston - Dundee FC","https://www.oddsportal.com/soccer/scotland/premiership-2018-2019/livingston-dundee-fc-2uLTvMOS/","Saturday, 16 Feb  2019, 14:00","Livingston - Dundee FC","1.83","3.50","4.52","Final result"
"1600979560-1467","https://www.oddsportal.com/soccer/scotland/premiership-2018-2019/results/","Aberdeen - Dundee FC","https://www.oddsportal.com/soccer/scotland/premiership-2018-2019/aberdeen-dundee-fc-l0cTduSN/","Tuesday, 18 Dec  2018, 18:45","Aberdeen - Dundee FC","1.53","3.98","6.65","Final result"
"1600979555-1465","https://www.oddsportal.com/soccer/scotland/premiership-2018-2019/results/","Hibernian - Celtic","https://www.oddsportal.com/soccer/scotland/premiership-2018-2019/hibernian-celtic-lxPaiv7r/","Sunday, 16 Dec  2018, 11:30","Hibernian - Celtic","6.84","4.38","1.47","Final result"
"1600979657-1496","https://www.oddsportal.com/soccer/scotland/premiership-2018-2019/results/","Aberdeen - Kilmarnock","https://www.oddsportal.com/soccer/scotland/premiership-2018-2019/aberdeen-kilmarnock-b9u6TXJa/","Saturday, 26 Jan  2019, 14:00","Aberdeen - Kilmarnock","1.93","3.38","4.14","Final result"
"1600979524-1453","https://www.oddsportal.com/soccer/scotland/premiership-2018-2019/results/","Dundee FC - Hamilton","https://www.oddsportal.com/soccer/scotland/premiership-2018-2019/dundee-fc-hamilton-tlZgD0C4/","Wednesday, 05 Dec  2018, 18:45","Dundee FC - Hamilton","2.18","3.34","3.39","Final result"
"1600979436-1418","https://www.oddsportal.com/soccer/scotland/premiership-2018-2019/results/","St Johnstone - St. Mirren","https://www.oddsportal.com/soccer/scotland/premiership-2018-2019/st-johnstone-st-mirren-fwhixmps/","Saturday, 27 Oct  2018, 14:00","St Johnstone - St. Mirren","1.94","3.59","3.84","Final result"
"1600979517-1450","https://www.oddsportal.com/soccer/scotland/premiership-2018-2019/results/","Motherwell - Celtic","https://www.oddsportal.com/soccer/scotland/premiership-2018-2019/motherwell-celtic-WxS6AbdN/","Wednesday, 05 Dec  2018, 18:45","Motherwell - Celtic","11.12","5.56","1.27","Final result"
"1600979773-1542","https://www.oddsportal.com/soccer/scotland/premiership-2018-2019/results/","St Johnstone - St. Mirren","https://www.oddsportal.com/soccer/scotland/premiership-2018-2019/st-johnstone-st-mirren-SGBBKcxL/","Wednesday, 27 Mar  2019, 18:45","St Johnstone - St. Mirren","1.83","3.39","4.65","Final result"
"1600979537-1458","https://www.oddsportal.com/soccer/scotland/premiership-2018-2019/results/","Aberdeen - St Johnstone","https://www.oddsportal.com/soccer/scotland/premiership-2018-2019/aberdeen-st-johnstone-tCHt4dZj/","Saturday, 08 Dec  2018, 14:00","Aberdeen - St Johnstone","1.97","3.40","3.98","Final result"
"1600979492-1440","https://www.oddsportal.com/soccer/scotland/premiership-2018-2019/results/","St Johnstone - Kilmarnock","https://www.oddsportal.com/soccer/scotland/premiership-2018-2019/st-johnstone-kilmarnock-GnaLb1cB/","Saturday, 24 Nov  2018, 14:00","St Johnstone - Kilmarnock","2.51","3.09","3.02","Final result"
"1600979388-1399","https://www.oddsportal.com/soccer/scotland/premiership-2018-2019/results/","St. Mirren - Hibernian","https://www.oddsportal.com/soccer/scotland/premiership-2018-2019/st-mirren-hibernian-GQqBRdWL/","Saturday, 29 Sep  2018, 14:00","St. Mirren - Hibernian","4.79","3.66","1.75","Final result"
"1600979903-1594","https://www.oddsportal.com/soccer/scotland/premiership-2018-2019/results/","Celtic - Hearts","https://www.oddsportal.com/soccer/scotland/premiership-2018-2019/celtic-hearts-0CG1nBTG/","Sunday, 19 May  2019, 14:00","Celtic - Hearts","1.22","6.49","12.02","Final result"
"1600979306-1366","https://www.oddsportal.com/soccer/scotland/premiership-2018-2019/results/","Celtic - Livingston","https://www.oddsportal.com/soccer/scotland/premiership-2018-2019/celtic-livingston-SU6Ojhbs/","Saturday, 04 Aug  2018, 14:00","Celtic - Livingston","1.14","8.25","19.96","Final result"
"1600979829-1564","https://www.oddsportal.com/soccer/scotland/premiership-2018-2019/results/","Hamilton - Motherwell","https://www.oddsportal.com/soccer/scotland/premiership-2018-2019/hamilton-motherwell-EJdxt96p/","Saturday, 20 Apr  2019, 14:00","Hamilton - Motherwell","3.60","3.29","2.12","Final result"
"1600979698-1512","https://www.oddsportal.com/soccer/scotland/premiership-2018-2019/results/","Aberdeen - Rangers","https://www.oddsportal.com/soccer/scotland/premiership-2018-2019/aberdeen-rangers-jwZmvkYH/","Wednesday, 06 Feb  2019, 18:45","Aberdeen - Rangers","3.82","3.40","2.02","Final result"
"1600979399-1403","https://www.oddsportal.com/soccer/scotland/premiership-2018-2019/results/","Celtic - Aberdeen","https://www.oddsportal.com/soccer/scotland/premiership-2018-2019/celtic-aberdeen-AT8B6efd/","Saturday, 29 Sep  2018, 14:00","Celtic - Aberdeen","1.36","4.79","8.82","Final result"
"1600979618-1481","https://www.oddsportal.com/soccer/scotland/premiership-2018-2019/results/","Dundee FC - Livingston","https://www.oddsportal.com/soccer/scotland/premiership-2018-2019/dundee-fc-livingston-Qeeg1Fz7/","Wednesday, 26 Dec  2018, 14:00","Dundee FC - Livingston","3.55","3.28","2.14","Final result"
"1600979499-1443","https://www.oddsportal.com/soccer/scotland/premiership-2018-2019/results/","Hibernian - Dundee FC","https://www.oddsportal.com/soccer/scotland/premiership-2018-2019/hibernian-dundee-fc-tU6813Dh/","Saturday, 24 Nov  2018, 14:00","Hibernian - Dundee FC","1.39","5.00","7.43","Final result"
"1600979552-1464","https://www.oddsportal.com/soccer/scotland/premiership-2018-2019/results/","Kilmarnock - Dundee FC","https://www.oddsportal.com/soccer/scotland/premiership-2018-2019/kilmarnock-dundee-fc-IBT3jbMl/","Saturday, 15 Dec  2018, 14:00","Kilmarnock - Dundee FC","1.60","3.84","5.85","Final result"
"1600979316-1370","https://www.oddsportal.com/soccer/scotland/premiership-2018-2019/results/","Motherwell - Hamilton","https://www.oddsportal.com/soccer/scotland/premiership-2018-2019/motherwell-hamilton-jRW14BSt/","Saturday, 11 Aug  2018, 14:00","Motherwell - Hamilton","1.60","3.86","6.05","Final result"
"1600979660-1497","https://www.oddsportal.com/soccer/scotland/premiership-2018-2019/results/","Hearts - St Johnstone","https://www.oddsportal.com/soccer/scotland/premiership-2018-2019/hearts-st-johnstone-CYfBQV3I/","Saturday, 26 Jan  2019, 14:00","Hearts - St Johnstone","2.19","3.18","3.56","Final result"
"1600979905-1595","https://www.oddsportal.com/soccer/scotland/premiership-2018-2019/results/","Dundee Utd - St. Mirren","https://www.oddsportal.com/soccer/scotland/premiership-2018-2019/dundee-utd-st-mirren-8QwSv03H/","Thursday, 23 May  2019, 18:45","Dundee Utd - St. Mirren","2.10","3.18","3.76","Final result"
"1600979733-1526","https://www.oddsportal.com/soccer/scotland/premiership-2018-2019/results/","Rangers - Dundee FC","https://www.oddsportal.com/soccer/scotland/premiership-2018-2019/rangers-dundee-fc-8tQsnwWe/","Wednesday, 27 Feb  2019, 18:45","Rangers - Dundee FC","1.12","9.51","17.00","Final result"
"1600979519-1451","https://www.oddsportal.com/soccer/scotland/premiership-2018-2019/results/","Kilmarnock - Livingston","https://www.oddsportal.com/soccer/scotland/premiership-2018-2019/kilmarnock-livingston-lEx2BvsH/","Wednesday, 05 Dec  2018, 18:45","Kilmarnock - Livingston","1.97","3.14","4.40","Final result"
"1600979414-1409","https://www.oddsportal.com/soccer/scotland/premiership-2018-2019/results/","Rangers - Hearts","https://www.oddsportal.com/soccer/scotland/premiership-2018-2019/rangers-hearts-0INgJYw2/","Sunday, 07 Oct  2018, 14:00","Rangers - Hearts","1.62","4.19","5.13","Final result"
"1600979785-1547","https://www.oddsportal.com/soccer/scotland/premiership-2018-2019/results/","St. Mirren - Dundee FC","https://www.oddsportal.com/soccer/scotland/premiership-2018-2019/st-mirren-dundee-fc-GtpaBga7/","Saturday, 30 Mar  2019, 14:00","St. Mirren - Dundee FC","2.35","3.27","3.10","Final result"
"1600979908-1596","https://www.oddsportal.com/soccer/scotland/premiership-2018-2019/results/","St. Mirren - Dundee Utd","https://www.oddsportal.com/soccer/scotland/premiership-2018-2019/st-mirren-dundee-utd-pj1eNXXq/","Sunday, 26 May  2019, 14:00","St. Mirren - Dundee Utd","2.66","3.05","2.79","Final result"
"1600979550-1463","https://www.oddsportal.com/soccer/scotland/premiership-2018-2019/results/","St Johnstone - Motherwell","https://www.oddsportal.com/soccer/scotland/premiership-2018-2019/st-johnstone-motherwell-j1LGmd67/","Saturday, 15 Dec  2018, 14:00","St Johnstone - Motherwell","2.01","3.42","3.78","Final result"
"1600979701-1513","https://www.oddsportal.com/soccer/scotland/premiership-2018-2019/results/","Rangers - St Johnstone","https://www.oddsportal.com/soccer/scotland/premiership-2018-2019/rangers-st-johnstone-YNBaZanj/","Saturday, 16 Feb  2019, 14:00","Rangers - St Johnstone","1.30","5.49","9.62","Final result"
"1600979522-1452","https://www.oddsportal.com/soccer/scotland/premiership-2018-2019/results/","Hibernian - St. Mirren","https://www.oddsportal.com/soccer/scotland/premiership-2018-2019/hibernian-st-mirren-ANwbCKRA/","Wednesday, 05 Dec  2018, 18:45","Hibernian - St. Mirren","1.43","4.57","7.47","Final result"
"1600979457-1426","https://www.oddsportal.com/soccer/scotland/premiership-2018-2019/results/","St. Mirren - Rangers","https://www.oddsportal.com/soccer/scotland/premiership-2018-2019/st-mirren-rangers-n7oZn4ba/","Saturday, 03 Nov  2018, 11:30","St. Mirren - Rangers","11.29","5.87","1.26","Final result"
"1600979791-1549","https://www.oddsportal.com/soccer/scotland/premiership-2018-2019/results/","St. Mirren - Celtic","https://www.oddsportal.com/soccer/scotland/premiership-2018-2019/st-mirren-celtic-lhmRES5a/","Wednesday, 03 Apr  2019, 18:45","St. Mirren - Celtic","10.42","5.59","1.29","Final result"
"1600979662-1498","https://www.oddsportal.com/soccer/scotland/premiership-2018-2019/results/","St. Mirren - Hibernian","https://www.oddsportal.com/soccer/scotland/premiership-2018-2019/st-mirren-hibernian-StwblZeP/","Sunday, 27 Jan  2019, 12:30","St. Mirren - Hibernian","4.28","3.32","1.93","Final result"
"1600979479-1435","https://www.oddsportal.com/soccer/scotland/premiership-2018-2019/results/","Dundee FC - St. Mirren","https://www.oddsportal.com/soccer/scotland/premiership-2018-2019/dundee-fc-st-mirren-rZvrorTB/","Saturday, 10 Nov  2018, 14:00","Dundee FC - St. Mirren","2.29","3.31","3.16","Final result"
"1600979557-1466","https://www.oddsportal.com/soccer/scotland/premiership-2018-2019/results/","Rangers - Hamilton","https://www.oddsportal.com/soccer/scotland/premiership-2018-2019/rangers-hamilton-vRHClxi1/","Sunday, 16 Dec  2018, 14:00","Rangers - Hamilton","1.17","7.26","15.25","Final result"
"1600979504-1445","https://www.oddsportal.com/soccer/scotland/premiership-2018-2019/results/","Livingston - Motherwell","https://www.oddsportal.com/soccer/scotland/premiership-2018-2019/livingston-motherwell-KYpoFMsh/","Saturday, 01 Dec  2018, 14:00","Livingston - Motherwell","2.34","3.03","3.38","Final result"
"1600979693-1510","https://www.oddsportal.com/soccer/scotland/premiership-2018-2019/results/","Dundee FC - Kilmarnock","https://www.oddsportal.com/soccer/scotland/premiership-2018-2019/dundee-fc-kilmarnock-pviMLtIj/","Wednesday, 06 Feb  2019, 18:45","Dundee FC - Kilmarnock","4.32","3.45","1.88","Final result"
"1600979299-1363","https://www.oddsportal.com/soccer/scotland/premiership-2018-2019/results/","St. Mirren - Dundee FC","https://www.oddsportal.com/soccer/scotland/premiership-2018-2019/st-mirren-dundee-fc-WM3umAc6/","Saturday, 04 Aug  2018, 14:00","St. Mirren - Dundee FC","2.53","3.28","2.86","Final result"
"1600979363-1389","https://www.oddsportal.com/soccer/scotland/premiership-2018-2019/results/","Rangers - Dundee FC","https://www.oddsportal.com/soccer/scotland/premiership-2018-2019/rangers-dundee-fc-j5JCI1mi/","Saturday, 15 Sep  2018, 14:00","Rangers - Dundee FC","1.21","6.75","13.03","Final result"
"1600979731-1525","https://www.oddsportal.com/soccer/scotland/premiership-2018-2019/results/","St Johnstone - Hibernian","https://www.oddsportal.com/soccer/scotland/premiership-2018-2019/st-johnstone-hibernian-MqUooco2/","Wednesday, 27 Feb  2019, 18:45","St Johnstone - Hibernian","2.94","3.12","2.55","Final result"
"1600979447-1422","https://www.oddsportal.com/soccer/scotland/premiership-2018-2019/results/","Livingston - St Johnstone","https://www.oddsportal.com/soccer/scotland/premiership-2018-2019/livingston-st-johnstone-Y3LaY4q6/","Wednesday, 31 Oct  2018, 18:45","Livingston - St Johnstone","2.31","3.11","3.37","Final result"
"1600979487-1438","https://www.oddsportal.com/soccer/scotland/premiership-2018-2019/results/","Hamilton - Celtic","https://www.oddsportal.com/soccer/scotland/premiership-2018-2019/hamilton-celtic-Y3742qbn/","Saturday, 24 Nov  2018, 11:30","Hamilton - Celtic","17.59","7.44","1.15","Final result"
"1600979748-1532","https://www.oddsportal.com/soccer/scotland/premiership-2018-2019/results/","Motherwell - Hamilton","https://www.oddsportal.com/soccer/scotland/premiership-2018-2019/motherwell-hamilton-jZx41IVr/","Saturday, 09 Mar  2019, 14:00","Motherwell - Hamilton","1.78","3.49","4.87","Final result"
"1600979454-1425","https://www.oddsportal.com/soccer/scotland/premiership-2018-2019/results/","Aberdeen - Hamilton","https://www.oddsportal.com/soccer/scotland/premiership-2018-2019/aberdeen-hamilton-YTjey7am/","Wednesday, 31 Oct  2018, 18:45","Aberdeen - Hamilton","1.45","4.05","8.46","Final result"
"1600979761-1537","https://www.oddsportal.com/soccer/scotland/premiership-2018-2019/results/","Rangers - Kilmarnock","https://www.oddsportal.com/soccer/scotland/premiership-2018-2019/rangers-kilmarnock-YgC7LwNE/","Saturday, 16 Mar  2019, 14:00","Rangers - Kilmarnock","1.41","4.50","8.08","Final result"
"1600979314-1369","https://www.oddsportal.com/soccer/scotland/premiership-2018-2019/results/","Hearts - Celtic","https://www.oddsportal.com/soccer/scotland/premiership-2018-2019/hearts-celtic-6geV9X4J/","Saturday, 11 Aug  2018, 11:30","Hearts - Celtic","5.17","3.87","1.67","Final result"
"1600979776-1543","https://www.oddsportal.com/soccer/scotland/premiership-2018-2019/results/","Livingston - Hibernian","https://www.oddsportal.com/soccer/scotland/premiership-2018-2019/livingston-hibernian-KEjjDFUf/","Friday, 29 Mar  2019, 18:45","Livingston - Hibernian","3.01","3.25","2.41","Final result"
"1600979378-1395","https://www.oddsportal.com/soccer/scotland/premiership-2018-2019/results/","Dundee FC - Hibernian","https://www.oddsportal.com/soccer/scotland/premiership-2018-2019/dundee-fc-hibernian-fcGTEJnG/","Saturday, 22 Sep  2018, 14:00","Dundee FC - Hibernian","4.27","3.78","1.82","Final result"
"1600979624-1483","https://www.oddsportal.com/soccer/scotland/premiership-2018-2019/results/","Livingston - Aberdeen","https://www.oddsportal.com/soccer/scotland/premiership-2018-2019/livingston-aberdeen-IkKWEY46/","Saturday, 29 Dec  2018, 14:00","Livingston - Aberdeen","3.18","3.01","2.46","Final result"
"1600979421-1412","https://www.oddsportal.com/soccer/scotland/premiership-2018-2019/results/","Motherwell - St Johnstone","https://www.oddsportal.com/soccer/scotland/premiership-2018-2019/motherwell-st-johnstone-IgfKZgOr/","Saturday, 20 Oct  2018, 14:00","Motherwell - St Johnstone","2.05","3.34","3.76","Final result"
"1600979771-1541","https://www.oddsportal.com/soccer/scotland/premiership-2018-2019/results/","Dundee FC - Celtic","https://www.oddsportal.com/soccer/scotland/premiership-2018-2019/dundee-fc-celtic-tOVGbGF1/","Sunday, 17 Mar  2019, 11:30","Dundee FC - Celtic","16.04","7.00","1.18","Final result"
"1600979334-1377","https://www.oddsportal.com/soccer/scotland/premiership-2018-2019/results/","Kilmarnock - Hearts","https://www.oddsportal.com/soccer/scotland/premiership-2018-2019/kilmarnock-hearts-Y9SMamsC/","Saturday, 25 Aug  2018, 14:00","Kilmarnock - Hearts","2.41","3.27","3.03","Final result"
"1600979431-1416","https://www.oddsportal.com/soccer/scotland/premiership-2018-2019/results/","Hamilton - Rangers","https://www.oddsportal.com/soccer/scotland/premiership-2018-2019/hamilton-rangers-Am5ptdoF/","Sunday, 21 Oct  2018, 12:30","Hamilton - Rangers","10.44","5.60","1.28","Final result"
"1600979386-1398","https://www.oddsportal.com/soccer/scotland/premiership-2018-2019/results/","Rangers - St Johnstone","https://www.oddsportal.com/soccer/scotland/premiership-2018-2019/rangers-st-johnstone-WxA77yuj/","Sunday, 23 Sep  2018, 14:00","Rangers - St Johnstone","1.33","5.21","9.47","Final result"
"1600979497-1442","https://www.oddsportal.com/soccer/scotland/premiership-2018-2019/results/","Motherwell - Aberdeen","https://www.oddsportal.com/soccer/scotland/premiership-2018-2019/motherwell-aberdeen-KK5C0NSb/","Saturday, 24 Nov  2018, 14:00","Motherwell - Aberdeen","3.64","3.28","2.11","Final result"
"1600979426-1414","https://www.oddsportal.com/soccer/scotland/premiership-2018-2019/results/","Hearts - Aberdeen","https://www.oddsportal.com/soccer/scotland/premiership-2018-2019/hearts-aberdeen-lv4luG0L/","Saturday, 20 Oct  2018, 14:00","Hearts - Aberdeen","2.34","3.26","3.13","Final result"
"1600979871-1581","https://www.oddsportal.com/soccer/scotland/premiership-2018-2019/results/","St Johnstone - Motherwell","https://www.oddsportal.com/soccer/scotland/premiership-2018-2019/st-johnstone-motherwell-nPxDhnjj/","Saturday, 11 May  2019, 14:00","St Johnstone - Motherwell","2.51","3.16","2.94","Final result"
"1600979647-1492","https://www.oddsportal.com/soccer/scotland/premiership-2018-2019/results/","Hamilton - Aberdeen","https://www.oddsportal.com/soccer/scotland/premiership-2018-2019/hamilton-aberdeen-SK1NydCJ/","Wednesday, 23 Jan  2019, 18:45","Hamilton - Aberdeen","6.27","3.77","1.59","Final result"
"1600979349-1383","https://www.oddsportal.com/soccer/scotland/premiership-2018-2019/results/","Hamilton - St Johnstone","https://www.oddsportal.com/soccer/scotland/premiership-2018-2019/hamilton-st-johnstone-8QPg2t3A/","Saturday, 01 Sep  2018, 14:00","Hamilton - St Johnstone","3.46","3.40","2.15","Final result"
"1600979868-1580","https://www.oddsportal.com/soccer/scotland/premiership-2018-2019/results/","Aberdeen - Hearts","https://www.oddsportal.com/soccer/scotland/premiership-2018-2019/aberdeen-hearts-EeEkkDqb/","Friday, 10 May  2019, 18:45","Aberdeen - Hearts","1.46","4.33","7.09","Final result"
"1600979667-1500","https://www.oddsportal.com/soccer/scotland/premiership-2018-2019/results/","Celtic - St Johnstone","https://www.oddsportal.com/soccer/scotland/premiership-2018-2019/celtic-st-johnstone-6yhYeasU/","Wednesday, 30 Jan  2019, 18:45","Celtic - St Johnstone","1.23","6.13","12.52","Final result"
"1600979419-1411","https://www.oddsportal.com/soccer/scotland/premiership-2018-2019/results/","St. Mirren - Kilmarnock","https://www.oddsportal.com/soccer/scotland/premiership-2018-2019/st-mirren-kilmarnock-0IqPYDwk/","Saturday, 20 Oct  2018, 14:00","St. Mirren - Kilmarnock","4.21","3.55","1.87","Final result"
"1600979319-1371","https://www.oddsportal.com/soccer/scotland/premiership-2018-2019/results/","Livingston - Kilmarnock","https://www.oddsportal.com/soccer/scotland/premiership-2018-2019/livingston-kilmarnock-ppfZ8iKP/","Saturday, 11 Aug  2018, 14:00","Livingston - Kilmarnock","3.65","3.32","2.11","Final result"
"1600979645-1491","https://www.oddsportal.com/soccer/scotland/premiership-2018-2019/results/","Hearts - Dundee FC","https://www.oddsportal.com/soccer/scotland/premiership-2018-2019/hearts-dundee-fc-6B0RzGRP/","Wednesday, 23 Jan  2019, 18:45","Hearts - Dundee FC","1.38","4.72","8.07","Final result"
"1600979778-1544","https://www.oddsportal.com/soccer/scotland/premiership-2018-2019/results/","Motherwell - St Johnstone","https://www.oddsportal.com/soccer/scotland/premiership-2018-2019/motherwell-st-johnstone-YHffCZq1/","Saturday, 30 Mar  2019, 14:00","Motherwell - St Johnstone","2.29","3.24","3.24","Final result"
"1600979540-1459","https://www.oddsportal.com/soccer/scotland/premiership-2018-2019/results/","Dundee FC - Rangers","https://www.oddsportal.com/soccer/scotland/premiership-2018-2019/dundee-fc-rangers-MN8JB8hc/","Sunday, 09 Dec  2018, 12:30","Dundee FC - Rangers","9.42","5.32","1.31","Final result"
"1600979441-1420","https://www.oddsportal.com/soccer/scotland/premiership-2018-2019/results/","St. Mirren - Motherwell","https://www.oddsportal.com/soccer/scotland/premiership-2018-2019/st-mirren-motherwell-UVE8WrEI/","Wednesday, 31 Oct  2018, 18:45","St. Mirren - Motherwell","3.49","3.24","2.17","Final result"
"1600979326-1374","https://www.oddsportal.com/soccer/scotland/premiership-2018-2019/results/","Rangers - St. Mirren","https://www.oddsportal.com/soccer/scotland/premiership-2018-2019/rangers-st-mirren-4Uz63Vsm/","Sunday, 12 Aug  2018, 14:00","Rangers - St. Mirren","1.23","6.43","12.42","Final result"
"1600979527-1454","https://www.oddsportal.com/soccer/scotland/premiership-2018-2019/results/","Livingston - St. Mirren","https://www.oddsportal.com/soccer/scotland/premiership-2018-2019/livingston-st-mirren-CC1W86xG/","Saturday, 08 Dec  2018, 14:00","Livingston - St. Mirren","1.80","3.48","4.74","Final result"
"1600979873-1582","https://www.oddsportal.com/soccer/scotland/premiership-2018-2019/results/","Livingston - Dundee FC","https://www.oddsportal.com/soccer/scotland/premiership-2018-2019/livingston-dundee-fc-6DLFgSzp/","Saturday, 11 May  2019, 14:00","Livingston - Dundee FC","1.59","3.97","5.72","Final result"
"1600979393-1401","https://www.oddsportal.com/soccer/scotland/premiership-2018-2019/results/","Hearts - St Johnstone","https://www.oddsportal.com/soccer/scotland/premiership-2018-2019/hearts-st-johnstone-QyibUbn3/","Saturday, 29 Sep  2018, 14:00","Hearts - St Johnstone","1.63","3.95","5.43","Final result"
"1600979803-1554","https://www.oddsportal.com/soccer/scotland/premiership-2018-2019/results/","Aberdeen - Motherwell","https://www.oddsportal.com/soccer/scotland/premiership-2018-2019/aberdeen-motherwell-fXr3ADED/","Wednesday, 03 Apr  2019, 18:45","Aberdeen - Motherwell","1.74","3.52","5.15","Final result"
"1600979881-1585","https://www.oddsportal.com/soccer/scotland/premiership-2018-2019/results/","Rangers - Celtic","https://www.oddsportal.com/soccer/scotland/premiership-2018-2019/rangers-celtic-MLHcmiEA/","Sunday, 12 May  2019, 11:00","Rangers - Celtic","2.52","3.39","2.77","Final result"
"1600979806-1555","https://www.oddsportal.com/soccer/scotland/premiership-2018-2019/results/","Hearts - Hibernian","https://www.oddsportal.com/soccer/scotland/premiership-2018-2019/hearts-hibernian-IXvrBp5O/","Saturday, 06 Apr  2019, 11:30","Hearts - Hibernian","2.33","3.23","3.19","Final result"
"1600979613-1479","https://www.oddsportal.com/soccer/scotland/premiership-2018-2019/results/","Motherwell - Kilmarnock","https://www.oddsportal.com/soccer/scotland/premiership-2018-2019/motherwell-kilmarnock-6iYuPISD/","Wednesday, 26 Dec  2018, 14:00","Motherwell - Kilmarnock","3.08","3.16","2.43","Final result"
"1600979901-1593","https://www.oddsportal.com/soccer/scotland/premiership-2018-2019/results/","Hibernian - Aberdeen","https://www.oddsportal.com/soccer/scotland/premiership-2018-2019/hibernian-aberdeen-ImB6oVrN/","Sunday, 19 May  2019, 14:00","Hibernian - Aberdeen","3.54","3.39","2.10","Final result"
"1600979356-1386","https://www.oddsportal.com/soccer/scotland/premiership-2018-2019/results/","Celtic - Rangers","https://www.oddsportal.com/soccer/scotland/premiership-2018-2019/celtic-rangers-nByo42Yc/","Sunday, 02 Sep  2018, 11:00","Celtic - Rangers","1.58","4.17","5.67","Final result"
"1600979706-1515","https://www.oddsportal.com/soccer/scotland/premiership-2018-2019/results/","Hibernian - Hamilton","https://www.oddsportal.com/soccer/scotland/premiership-2018-2019/hibernian-hamilton-tQWKtrfG/","Saturday, 16 Feb  2019, 14:00","Hibernian - Hamilton","1.52","4.03","6.75","Final result"
"1600979863-1578","https://www.oddsportal.com/soccer/scotland/premiership-2018-2019/results/","Rangers - Hibernian","https://www.oddsportal.com/soccer/scotland/premiership-2018-2019/rangers-hibernian-WWOpjgUi/","Sunday, 05 May  2019, 14:30","Rangers - Hibernian","1.34","5.24","8.39","Final result"
"1600979738-1528","https://www.oddsportal.com/soccer/scotland/premiership-2018-2019/results/","Aberdeen - Hamilton","https://www.oddsportal.com/soccer/scotland/premiership-2018-2019/aberdeen-hamilton-fZq7hugS/","Wednesday, 27 Feb  2019, 18:45","Aberdeen - Hamilton","1.37","4.59","9.41","Final result"
"1600979354-1385","https://www.oddsportal.com/soccer/scotland/premiership-2018-2019/results/","Aberdeen - Kilmarnock","https://www.oddsportal.com/soccer/scotland/premiership-2018-2019/aberdeen-kilmarnock-IyXt5rJi/","Saturday, 01 Sep  2018, 14:00","Aberdeen - Kilmarnock","1.83","3.50","4.55","Final result"
"1600979683-1506","https://www.oddsportal.com/soccer/scotland/premiership-2018-2019/results/","St Johnstone - Celtic","https://www.oddsportal.com/soccer/scotland/premiership-2018-2019/st-johnstone-celtic-CnzpuVIB/","Sunday, 03 Feb  2019, 11:30","St Johnstone - Celtic","9.61","4.95","1.33","Final result"
"1600979721-1521","https://www.oddsportal.com/soccer/scotland/premiership-2018-2019/results/","Livingston - Kilmarnock","https://www.oddsportal.com/soccer/scotland/premiership-2018-2019/livingston-kilmarnock-YJebf1OF/","Saturday, 23 Feb  2019, 14:00","Livingston - Kilmarnock","2.71","2.99","2.86","Final result"
"1600979321-1372","https://www.oddsportal.com/soccer/scotland/premiership-2018-2019/results/","Dundee FC - Aberdeen","https://www.oddsportal.com/soccer/scotland/premiership-2018-2019/dundee-fc-aberdeen-hxhlolSI/","Saturday, 11 Aug  2018, 14:00","Dundee FC - Aberdeen","3.61","3.40","2.09","Final result"
"1600979629-1485","https://www.oddsportal.com/soccer/scotland/premiership-2018-2019/results/","Hamilton - Motherwell","https://www.oddsportal.com/soccer/scotland/premiership-2018-2019/hamilton-motherwell-Y1IKHzLm/","Saturday, 29 Dec  2018, 14:00","Hamilton - Motherwell","3.29","3.13","2.33","Final result"
"1600979452-1424","https://www.oddsportal.com/soccer/scotland/premiership-2018-2019/results/","Dundee FC - Celtic","https://www.oddsportal.com/soccer/scotland/premiership-2018-2019/dundee-fc-celtic-0jNizREg/","Wednesday, 31 Oct  2018, 18:45","Dundee FC - Celtic","17.09","8.73","1.14","Final result"
"1600979444-1421","https://www.oddsportal.com/soccer/scotland/premiership-2018-2019/results/","Rangers - Kilmarnock","https://www.oddsportal.com/soccer/scotland/premiership-2018-2019/rangers-kilmarnock-n7P3XObC/","Wednesday, 31 Oct  2018, 18:45","Rangers - Kilmarnock","1.48","4.19","7.09","Final result"
"1600979371-1392","https://www.oddsportal.com/soccer/scotland/premiership-2018-2019/results/","Hibernian - Kilmarnock","https://www.oddsportal.com/soccer/scotland/premiership-2018-2019/hibernian-kilmarnock-fsS5avmT/","Saturday, 15 Sep  2018, 14:00","Hibernian - Kilmarnock","2.09","3.46","3.55","Final result"
"1600979429-1415","https://www.oddsportal.com/soccer/scotland/premiership-2018-2019/results/","Celtic - Hibernian","https://www.oddsportal.com/soccer/scotland/premiership-2018-2019/celtic-hibernian-hCAusxW8/","Saturday, 20 Oct  2018, 14:00","Celtic - Hibernian","1.34","5.25","8.42","Final result"
"1600979655-1495","https://www.oddsportal.com/soccer/scotland/premiership-2018-2019/results/","Celtic - Hamilton","https://www.oddsportal.com/soccer/scotland/premiership-2018-2019/celtic-hamilton-vLd3SiZ5/","Saturday, 26 Jan  2019, 14:00","Celtic - Hamilton","1.08","10.69","30.68","Final result"
"1600979329-1375","https://www.oddsportal.com/soccer/scotland/premiership-2018-2019/results/","St. Mirren - Livingston","https://www.oddsportal.com/soccer/scotland/premiership-2018-2019/st-mirren-livingston-voYx6O3o/","Saturday, 25 Aug  2018, 14:00","St. Mirren - Livingston","2.32","3.20","3.27","Final result"
"1600979464-1429","https://www.oddsportal.com/soccer/scotland/premiership-2018-2019/results/","Hamilton - Livingston","https://www.oddsportal.com/soccer/scotland/premiership-2018-2019/hamilton-livingston-dx7ffn6P/","Saturday, 03 Nov  2018, 14:00","Hamilton - Livingston","3.18","3.05","2.43","Final result"
"1600979816-1559","https://www.oddsportal.com/soccer/scotland/premiership-2018-2019/results/","Celtic - Livingston","https://www.oddsportal.com/soccer/scotland/premiership-2018-2019/celtic-livingston-SrnVDnL5/","Saturday, 06 Apr  2019, 14:00","Celtic - Livingston","1.18","6.96","16.21","Final result"
"1600979475-1433","https://www.oddsportal.com/soccer/scotland/premiership-2018-2019/results/","St Johnstone - Hamilton","https://www.oddsportal.com/soccer/scotland/premiership-2018-2019/st-johnstone-hamilton-fD803Prt/","Saturday, 10 Nov  2018, 14:00","St Johnstone - Hamilton","1.81","3.63","4.40","Final result"
"1600979673-1502","https://www.oddsportal.com/soccer/scotland/premiership-2018-2019/results/","Rangers - St. Mirren","https://www.oddsportal.com/soccer/scotland/premiership-2018-2019/rangers-st-mirren-IPzttB35/","Saturday, 02 Feb  2019, 14:00","Rangers - St. Mirren","1.13","8.31","19.48","Final result"
"1600979741-1529","https://www.oddsportal.com/soccer/scotland/premiership-2018-2019/results/","St. Mirren - Livingston","https://www.oddsportal.com/soccer/scotland/premiership-2018-2019/st-mirren-livingston-zmIT9tO2/","Saturday, 02 Mar  2019, 14:00","St. Mirren - Livingston","2.95","3.18","2.51","Final result"
"1600979376-1394","https://www.oddsportal.com/soccer/scotland/premiership-2018-2019/results/","Hamilton - St. Mirren","https://www.oddsportal.com/soccer/scotland/premiership-2018-2019/hamilton-st-mirren-YmFXDw2M/","Saturday, 22 Sep  2018, 14:00","Hamilton - St. Mirren","2.59","3.19","2.86","Final result"
"1600979304-1365","https://www.oddsportal.com/soccer/scotland/premiership-2018-2019/results/","Hamilton - Hearts","https://www.oddsportal.com/soccer/scotland/premiership-2018-2019/hamilton-hearts-p61TkCDm/","Saturday, 04 Aug  2018, 14:00","Hamilton - Hearts","4.79","3.61","1.77","Final result"
"1600979836-1567","https://www.oddsportal.com/soccer/scotland/premiership-2018-2019/results/","Celtic - Kilmarnock","https://www.oddsportal.com/soccer/scotland/premiership-2018-2019/celtic-kilmarnock-6X5Novw6/","Saturday, 27 Apr  2019, 11:30","Celtic - Kilmarnock","1.31","5.18","10.58","Final result"
"1600979608-1477","https://www.oddsportal.com/soccer/scotland/premiership-2018-2019/results/","Aberdeen - Celtic","https://www.oddsportal.com/soccer/scotland/premiership-2018-2019/aberdeen-celtic-WKtj2eL0/","Wednesday, 26 Dec  2018, 13:00","Aberdeen - Celtic","5.58","3.74","1.66","Final result"
"1600979424-1413","https://www.oddsportal.com/soccer/scotland/premiership-2018-2019/results/","Livingston - Dundee FC","https://www.oddsportal.com/soccer/scotland/premiership-2018-2019/livingston-dundee-fc-r13hvzGR/","Saturday, 20 Oct  2018, 14:00","Livingston - Dundee FC","1.92","3.51","4.00","Final result"
"1600979811-1557","https://www.oddsportal.com/soccer/scotland/premiership-2018-2019/results/","Hamilton - St. Mirren","https://www.oddsportal.com/soccer/scotland/premiership-2018-2019/hamilton-st-mirren-OAuvCQkI/","Saturday, 06 Apr  2019, 14:00","Hamilton - St. Mirren","2.67","3.20","2.73","Final result"
"1600979866-1579","https://www.oddsportal.com/soccer/scotland/premiership-2018-2019/results/","Ayr - Inverness","https://www.oddsportal.com/soccer/scotland/premiership-2018-2019/ayr-inverness-6ogLeyRg/","Tuesday, 07 May  2019, 18:45","Ayr - Inverness","2.65","3.17","2.70","Final result"
"1600979823-1562","https://www.oddsportal.com/soccer/scotland/premiership-2018-2019/results/","St Johnstone - Dundee FC","https://www.oddsportal.com/soccer/scotland/premiership-2018-2019/st-johnstone-dundee-fc-SbvP3Cbi/","Saturday, 20 Apr  2019, 14:00","St Johnstone - Dundee FC","1.88","3.52","4.20","Final result"
"1600979876-1583","https://www.oddsportal.com/soccer/scotland/premiership-2018-2019/results/","Kilmarnock - Hibernian","https://www.oddsportal.com/soccer/scotland/premiership-2018-2019/kilmarnock-hibernian-SbIglXb4/","Saturday, 11 May  2019, 14:00","Kilmarnock - Hibernian","1.77","3.60","4.69","Final result"
"1600979514-1449","https://www.oddsportal.com/soccer/scotland/premiership-2018-2019/results/","Rangers - Aberdeen","https://www.oddsportal.com/soccer/scotland/premiership-2018-2019/rangers-aberdeen-ptWA9IBT/","Wednesday, 05 Dec  2018, 18:45","Rangers - Aberdeen","1.45","4.50","7.09","Final result"
"1600979358-1387","https://www.oddsportal.com/soccer/scotland/premiership-2018-2019/results/","St. Mirren - Celtic","https://www.oddsportal.com/soccer/scotland/premiership-2018-2019/st-mirren-celtic-nXCLGuI3/","Friday, 14 Sep  2018, 18:45","St. Mirren - Celtic","17.11","7.38","1.17","Final result"
"1600979611-1478","https://www.oddsportal.com/soccer/scotland/premiership-2018-2019/results/","Rangers - Hibernian","https://www.oddsportal.com/soccer/scotland/premiership-2018-2019/rangers-hibernian-KfxpOxrK/","Wednesday, 26 Dec  2018, 14:00","Rangers - Hibernian","1.50","4.41","6.27","Final result"
"1600979808-1556","https://www.oddsportal.com/soccer/scotland/premiership-2018-2019/results/","Kilmarnock - St Johnstone","https://www.oddsportal.com/soccer/scotland/premiership-2018-2019/kilmarnock-st-johnstone-GIcoA4KU/","Saturday, 06 Apr  2019, 14:00","Kilmarnock - St Johnstone","1.76","3.60","4.80","Final result"
"1600979635-1487","https://www.oddsportal.com/soccer/scotland/premiership-2018-2019/results/","Hibernian - Hearts","https://www.oddsportal.com/soccer/scotland/premiership-2018-2019/hibernian-hearts-ChHOGfzf/","Saturday, 29 Dec  2018, 16:30","Hibernian - Hearts","2.25","3.26","3.35","Final result"
"1600979898-1592","https://www.oddsportal.com/soccer/scotland/premiership-2018-2019/results/","Kilmarnock - Rangers","https://www.oddsportal.com/soccer/scotland/premiership-2018-2019/kilmarnock-rangers-dvAApkbT/","Sunday, 19 May  2019, 14:00","Kilmarnock - Rangers","3.23","3.43","2.20","Final result"
"1600979848-1572","https://www.oddsportal.com/soccer/scotland/premiership-2018-2019/results/","Rangers - Aberdeen","https://www.oddsportal.com/soccer/scotland/premiership-2018-2019/rangers-aberdeen-2aaWqI7I/","Sunday, 28 Apr  2019, 14:00","Rangers - Aberdeen","1.59","3.89","5.96","Final result"
"1600979341-1380","https://www.oddsportal.com/soccer/scotland/premiership-2018-2019/results/","Celtic - Hamilton","https://www.oddsportal.com/soccer/scotland/premiership-2018-2019/celtic-hamilton-xrZD19Ca/","Sunday, 26 Aug  2018, 14:00","Celtic - Hamilton","1.12","9.23","22.79","Final result"
"1600979856-1575","https://www.oddsportal.com/soccer/scotland/premiership-2018-2019/results/","Motherwell - St. Mirren","https://www.oddsportal.com/soccer/scotland/premiership-2018-2019/motherwell-st-mirren-AszpalDM/","Saturday, 04 May  2019, 14:00","Motherwell - St. Mirren","2.02","3.38","3.79","Final result"
"1600979780-1545","https://www.oddsportal.com/soccer/scotland/premiership-2018-2019/results/","Kilmarnock - Hamilton","https://www.oddsportal.com/soccer/scotland/premiership-2018-2019/kilmarnock-hamilton-QiinEeFl/","Saturday, 30 Mar  2019, 14:00","Kilmarnock - Hamilton","1.57","3.92","6.16","Final result"
"1600979670-1501","https://www.oddsportal.com/soccer/scotland/premiership-2018-2019/results/","Kilmarnock - Hearts","https://www.oddsportal.com/soccer/scotland/premiership-2018-2019/kilmarnock-hearts-xGSXsXYh/","Friday, 01 Feb  2019, 18:45","Kilmarnock - Hearts","2.37","3.21","3.14","Final result"
"1600979878-1584","https://www.oddsportal.com/soccer/scotland/premiership-2018-2019/results/","Inverness - Ayr","https://www.oddsportal.com/soccer/scotland/premiership-2018-2019/inverness-ayr-pxhPfet0/","Saturday, 11 May  2019, 14:00","Inverness - Ayr","1.98","3.64","3.48","Final result"
"1600979850-1573","https://www.oddsportal.com/soccer/scotland/premiership-2018-2019/results/","Aberdeen - Celtic","https://www.oddsportal.com/soccer/scotland/premiership-2018-2019/aberdeen-celtic-vPMaSkxo/","Saturday, 04 May  2019, 11:30","Aberdeen - Celtic","5.53","3.97","1.61","Final result"
"1600979381-1396","https://www.oddsportal.com/soccer/scotland/premiership-2018-2019/results/","Aberdeen - Motherwell","https://www.oddsportal.com/soccer/scotland/premiership-2018-2019/aberdeen-motherwell-QNBPFaX9/","Saturday, 22 Sep  2018, 14:00","Aberdeen - Motherwell","1.81","3.51","4.68","Final result"
"1600979718-1520","https://www.oddsportal.com/soccer/scotland/premiership-2018-2019/results/","St Johnstone - Aberdeen","https://www.oddsportal.com/soccer/scotland/premiership-2018-2019/st-johnstone-aberdeen-Gro3gLwM/","Saturday, 23 Feb  2019, 14:00","St Johnstone - Aberdeen","3.68","3.21","2.12","Final result"
"1600979728-1524","https://www.oddsportal.com/soccer/scotland/premiership-2018-2019/results/","Celtic - Motherwell","https://www.oddsportal.com/soccer/scotland/premiership-2018-2019/celtic-motherwell-CEA3YJ1d/","Sunday, 24 Feb  2019, 14:00","Celtic - Motherwell","1.17","6.89","17.77","Final result"
"1600979301-1364","https://www.oddsportal.com/soccer/scotland/premiership-2018-2019/results/","Kilmarnock - St Johnstone","https://www.oddsportal.com/soccer/scotland/premiership-2018-2019/kilmarnock-st-johnstone-IJayljr0/","Saturday, 04 Aug  2018, 14:00","Kilmarnock - St Johnstone","2.11","3.21","3.75","Final result"
"1600979891-1589","https://www.oddsportal.com/soccer/scotland/premiership-2018-2019/results/","Motherwell - Livingston","https://www.oddsportal.com/soccer/scotland/premiership-2018-2019/motherwell-livingston-zoJ7ETC9/","Saturday, 18 May  2019, 11:30","Motherwell - Livingston","2.07","3.39","3.61","Final result"
"1600979331-1376","https://www.oddsportal.com/soccer/scotland/premiership-2018-2019/results/","St Johnstone - Dundee FC","https://www.oddsportal.com/soccer/scotland/premiership-2018-2019/st-johnstone-dundee-fc-xtffsuRp/","Saturday, 25 Aug  2018, 14:00","St Johnstone - Dundee FC","2.18","3.35","3.42","Final result"
"1600979509-1447","https://www.oddsportal.com/soccer/scotland/premiership-2018-2019/results/","Hearts - Rangers","https://www.oddsportal.com/soccer/scotland/premiership-2018-2019/hearts-rangers-8pv0iJko/","Sunday, 02 Dec  2018, 11:00","Hearts - Rangers","4.35","3.82","1.78","Final result"
"1600979716-1519","https://www.oddsportal.com/soccer/scotland/premiership-2018-2019/results/","Dundee FC - Hibernian","https://www.oddsportal.com/soccer/scotland/premiership-2018-2019/dundee-fc-hibernian-lWgnc3vc/","Friday, 22 Feb  2019, 18:45","Dundee FC - Hibernian","4.07","3.68","1.86","Final result"
"1600979826-1563","https://www.oddsportal.com/soccer/scotland/premiership-2018-2019/results/","Livingston - St. Mirren","https://www.oddsportal.com/soccer/scotland/premiership-2018-2019/livingston-st-mirren-Qg0tuTLj/","Saturday, 20 Apr  2019, 14:00","Livingston - St. Mirren","1.97","3.26","4.20","Final result"
"1600979711-1517","https://www.oddsportal.com/soccer/scotland/premiership-2018-2019/results/","Motherwell - Hearts","https://www.oddsportal.com/soccer/scotland/premiership-2018-2019/motherwell-hearts-v1CeztXq/","Sunday, 17 Feb  2019, 11:15","Motherwell - Hearts","3.08","3.18","2.41","Final result"
"1600979627-1484","https://www.oddsportal.com/soccer/scotland/premiership-2018-2019/results/","Kilmarnock - St. Mirren","https://www.oddsportal.com/soccer/scotland/premiership-2018-2019/kilmarnock-st-mirren-6FGSFEk0/","Saturday, 29 Dec  2018, 14:00","Kilmarnock - St. Mirren","1.47","4.12","7.45","Final result"
"1600979861-1577","https://www.oddsportal.com/soccer/scotland/premiership-2018-2019/results/","Hearts - Kilmarnock","https://www.oddsportal.com/soccer/scotland/premiership-2018-2019/hearts-kilmarnock-htQtiZEo/","Saturday, 04 May  2019, 14:00","Hearts - Kilmarnock","2.88","3.11","2.60","Final result"
"1600979606-1476","https://www.oddsportal.com/soccer/scotland/premiership-2018-2019/results/","St. Mirren - St Johnstone","https://www.oddsportal.com/soccer/scotland/premiership-2018-2019/st-mirren-st-johnstone-EHylNdcQ/","Wednesday, 26 Dec  2018, 13:00","St. Mirren - St Johnstone","3.51","3.25","2.16","Final result"
"1600979637-1488","https://www.oddsportal.com/soccer/scotland/premiership-2018-2019/results/","St Johnstone - Livingston","https://www.oddsportal.com/soccer/scotland/premiership-2018-2019/st-johnstone-livingston-KIt2UD4g/","Wednesday, 23 Jan  2019, 18:45","St Johnstone - Livingston","2.17","2.94","3.96","Final result"
"1600979796-1551","https://www.oddsportal.com/soccer/scotland/premiership-2018-2019/results/","Rangers - Hearts","https://www.oddsportal.com/soccer/scotland/premiership-2018-2019/rangers-hearts-tSqJGlym/","Wednesday, 03 Apr  2019, 18:45","Rangers - Hearts","1.44","4.54","7.34","Final result"
"1600979883-1586","https://www.oddsportal.com/soccer/scotland/premiership-2018-2019/results/","St. Mirren - Hamilton","https://www.oddsportal.com/soccer/scotland/premiership-2018-2019/st-mirren-hamilton-QFyHi65d/","Monday, 13 May  2019, 18:45","St. Mirren - Hamilton","1.96","3.49","3.88","Final result"
"1600979401-1404","https://www.oddsportal.com/soccer/scotland/premiership-2018-2019/results/","Livingston - Rangers","https://www.oddsportal.com/soccer/scotland/premiership-2018-2019/livingston-rangers-Y1f6SxHF/","Sunday, 30 Sep  2018, 12:30","Livingston - Rangers","7.25","4.37","1.45","Final result"
"1600979788-1548","https://www.oddsportal.com/soccer/scotland/premiership-2018-2019/results/","Celtic - Rangers","https://www.oddsportal.com/soccer/scotland/premiership-2018-2019/celtic-rangers-67AFJHiR/","Sunday, 31 Mar  2019, 11:00","Celtic - Rangers","1.83","3.55","4.45","Final result"
"1600979459-1427","https://www.oddsportal.com/soccer/scotland/premiership-2018-2019/results/","Motherwell - Dundee FC","https://www.oddsportal.com/soccer/scotland/premiership-2018-2019/motherwell-dundee-fc-hpnVmpqg/","Saturday, 03 Nov  2018, 14:00","Motherwell - Dundee FC","1.70","3.83","4.84","Final result"
"1600979746-1531","https://www.oddsportal.com/soccer/scotland/premiership-2018-2019/results/","Hibernian - Rangers","https://www.oddsportal.com/soccer/scotland/premiership-2018-2019/hibernian-rangers-KjnY6v8L/","Friday, 08 Mar  2019, 18:45","Hibernian - Rangers","5.38","4.08","1.61","Final result"
"1600979590-1470","https://www.oddsportal.com/soccer/scotland/premiership-2018-2019/results/","Motherwell - St. Mirren","https://www.oddsportal.com/soccer/scotland/premiership-2018-2019/motherwell-st-mirren-A5hs4Hjl/","Saturday, 22 Dec  2018, 14:00","Motherwell - St. Mirren","1.84","3.34","4.70","Final result"
"1600979416-1410","https://www.oddsportal.com/soccer/scotland/premiership-2018-2019/results/","St Johnstone - Celtic","https://www.oddsportal.com/soccer/scotland/premiership-2018-2019/st-johnstone-celtic-ELByrIG2/","Sunday, 07 Oct  2018, 14:30","St Johnstone - Celtic","9.60","4.94","1.33","Final result"
"1600979489-1439","https://www.oddsportal.com/soccer/scotland/premiership-2018-2019/results/","St. Mirren - Hearts","https://www.oddsportal.com/soccer/scotland/premiership-2018-2019/st-mirren-hearts-A9bPcLCH/","Saturday, 24 Nov  2018, 14:00","St. Mirren - Hearts","5.11","3.65","1.71","Final result"
"1600979753-1534","https://www.oddsportal.com/soccer/scotland/premiership-2018-2019/results/","Dundee FC - Hearts","https://www.oddsportal.com/soccer/scotland/premiership-2018-2019/dundee-fc-hearts-t0mU7KhF/","Saturday, 09 Mar  2019, 14:00","Dundee FC - Hearts","4.60","3.80","1.74","Final result"
"1600979339-1379","https://www.oddsportal.com/soccer/scotland/premiership-2018-2019/results/","Motherwell - Rangers","https://www.oddsportal.com/soccer/scotland/premiership-2018-2019/motherwell-rangers-SWRQb7dI/","Sunday, 26 Aug  2018, 11:15","Motherwell - Rangers","5.77","3.65","1.66","Final result"
"1600979346-1382","https://www.oddsportal.com/soccer/scotland/premiership-2018-2019/results/","Hearts - St. Mirren","https://www.oddsportal.com/soccer/scotland/premiership-2018-2019/hearts-st-mirren-MTTc10IG/","Saturday, 01 Sep  2018, 14:00","Hearts - St. Mirren","1.47","4.37","7.05","Final result"
"1600979532-1456","https://www.oddsportal.com/soccer/scotland/premiership-2018-2019/results/","Hamilton - Hibernian","https://www.oddsportal.com/soccer/scotland/premiership-2018-2019/hamilton-hibernian-Gp8NAS73/","Saturday, 08 Dec  2018, 14:00","Hamilton - Hibernian","4.79","3.75","1.73","Final result"
"1600979736-1527","https://www.oddsportal.com/soccer/scotland/premiership-2018-2019/results/","Hearts - Celtic","https://www.oddsportal.com/soccer/scotland/premiership-2018-2019/hearts-celtic-nRyZma1q/","Wednesday, 27 Feb  2019, 18:45","Hearts - Celtic","5.64","3.93","1.60","Final result"
"1600979708-1516","https://www.oddsportal.com/soccer/scotland/premiership-2018-2019/results/","Aberdeen - St. Mirren","https://www.oddsportal.com/soccer/scotland/premiership-2018-2019/aberdeen-st-mirren-YaXGsOvA/","Saturday, 16 Feb  2019, 14:00","Aberdeen - St. Mirren","1.41","4.31","8.54","Final result"
"1600979336-1378","https://www.oddsportal.com/soccer/scotland/premiership-2018-2019/results/","Hibernian - Aberdeen","https://www.oddsportal.com/soccer/scotland/premiership-2018-2019/hibernian-aberdeen-fJTI0TR5/","Saturday, 25 Aug  2018, 14:00","Hibernian - Aberdeen","2.52","3.22","2.90","Final result"
"1600979502-1444","https://www.oddsportal.com/soccer/scotland/premiership-2018-2019/results/","St. Mirren - Hamilton","https://www.oddsportal.com/soccer/scotland/premiership-2018-2019/st-mirren-hamilton-2czjEtcb/","Saturday, 01 Dec  2018, 14:00","St. Mirren - Hamilton","2.29","3.21","3.27","Final result"
"1600979622-1482","https://www.oddsportal.com/soccer/scotland/premiership-2018-2019/results/","Rangers - Celtic","https://www.oddsportal.com/soccer/scotland/premiership-2018-2019/rangers-celtic-0E9yEhKC/","Saturday, 29 Dec  2018, 11:30","Rangers - Celtic","3.00","3.21","2.46","Final result"
"1600979768-1540","https://www.oddsportal.com/soccer/scotland/premiership-2018-2019/results/","Aberdeen - Livingston","https://www.oddsportal.com/soccer/scotland/premiership-2018-2019/aberdeen-livingston-ClRCad0e/","Saturday, 16 Mar  2019, 14:00","Aberdeen - Livingston","1.64","3.69","5.74","Final result"
"1600979831-1565","https://www.oddsportal.com/soccer/scotland/premiership-2018-2019/results/","Kilmarnock - Aberdeen","https://www.oddsportal.com/soccer/scotland/premiership-2018-2019/kilmarnock-aberdeen-YJ7Fm08g/","Saturday, 20 Apr  2019, 14:00","Kilmarnock - Aberdeen","2.28","3.09","3.44","Final result"
"1600979681-1505","https://www.oddsportal.com/soccer/scotland/premiership-2018-2019/results/","Hamilton - Dundee FC","https://www.oddsportal.com/soccer/scotland/premiership-2018-2019/hamilton-dundee-fc-UkPPqg4t/","Saturday, 02 Feb  2019, 14:00","Hamilton - Dundee FC","2.60","3.25","2.77","Final result"
"1600979507-1446","https://www.oddsportal.com/soccer/scotland/premiership-2018-2019/results/","Kilmarnock - Hibernian","https://www.oddsportal.com/soccer/scotland/premiership-2018-2019/kilmarnock-hibernian-MmSsG2So/","Saturday, 01 Dec  2018, 14:00","Kilmarnock - Hibernian","2.64","3.26","2.71","Final result"
"1600979642-1490","https://www.oddsportal.com/soccer/scotland/premiership-2018-2019/results/","Kilmarnock - Rangers","https://www.oddsportal.com/soccer/scotland/premiership-2018-2019/kilmarnock-rangers-ChwfWZZt/","Wednesday, 23 Jan  2019, 18:45","Kilmarnock - Rangers","5.75","3.92","1.60","Final result"
"1600979696-1511","https://www.oddsportal.com/soccer/scotland/premiership-2018-2019/results/","Celtic - Hibernian","https://www.oddsportal.com/soccer/scotland/premiership-2018-2019/celtic-hibernian-6mhIMM2p/","Wednesday, 06 Feb  2019, 18:45","Celtic - Hibernian","1.26","5.68","11.64","Final result"
"1600979477-1434","https://www.oddsportal.com/soccer/scotland/premiership-2018-2019/results/","Hearts - Kilmarnock","https://www.oddsportal.com/soccer/scotland/premiership-2018-2019/hearts-kilmarnock-MPwnp2rI/","Saturday, 10 Nov  2018, 14:00","Hearts - Kilmarnock","2.10","3.28","3.61","Final result"
"1600979562-1468","https://www.oddsportal.com/soccer/scotland/premiership-2018-2019/results/","Hibernian - Rangers","https://www.oddsportal.com/soccer/scotland/premiership-2018-2019/hibernian-rangers-lvQJfe08/","Wednesday, 19 Dec  2018, 18:45","Hibernian - Rangers","4.20","3.75","1.82","Final result"
"1600979686-1507","https://www.oddsportal.com/soccer/scotland/premiership-2018-2019/results/","St. Mirren - Motherwell","https://www.oddsportal.com/soccer/scotland/premiership-2018-2019/st-mirren-motherwell-f9YCr4P3/","Wednesday, 06 Feb  2019, 18:45","St. Mirren - Motherwell","3.04","3.11","2.49","Final result"
"1600979726-1523","https://www.oddsportal.com/soccer/scotland/premiership-2018-2019/results/","Hamilton - Rangers","https://www.oddsportal.com/soccer/scotland/premiership-2018-2019/hamilton-rangers-SMhjdNg3/","Sunday, 24 Feb  2019, 11:15","Hamilton - Rangers","11.44","5.70","1.26","Final result"
"1600979361-1388","https://www.oddsportal.com/soccer/scotland/premiership-2018-2019/results/","St Johnstone - Aberdeen","https://www.oddsportal.com/soccer/scotland/premiership-2018-2019/st-johnstone-aberdeen-48NGHL2c/","Saturday, 15 Sep  2018, 14:00","St Johnstone - Aberdeen","3.40","3.22","2.26","Final result"
"1600979766-1539","https://www.oddsportal.com/soccer/scotland/premiership-2018-2019/results/","Hamilton - Hearts","https://www.oddsportal.com/soccer/scotland/premiership-2018-2019/hamilton-hearts-KEUKczV7/","Saturday, 16 Mar  2019, 14:00","Hamilton - Hearts","4.37","3.63","1.82","Final result"
"1600979893-1590","https://www.oddsportal.com/soccer/scotland/premiership-2018-2019/results/","Hamilton - St Johnstone","https://www.oddsportal.com/soccer/scotland/premiership-2018-2019/hamilton-st-johnstone-hMT2F9c3/","Saturday, 18 May  2019, 11:30","Hamilton - St Johnstone","2.51","3.26","2.86","Final result"
"1600979351-1384","https://www.oddsportal.com/soccer/scotland/premiership-2018-2019/results/","Dundee FC - Motherwell","https://www.oddsportal.com/soccer/scotland/premiership-2018-2019/dundee-fc-motherwell-Q1zk3Mm4/","Saturday, 01 Sep  2018, 14:00","Dundee FC - Motherwell","3.06","3.45","2.32","Final result"
"1600979798-1552","https://www.oddsportal.com/soccer/scotland/premiership-2018-2019/results/","Livingston - Hamilton","https://www.oddsportal.com/soccer/scotland/premiership-2018-2019/livingston-hamilton-b3fEHULt/","Wednesday, 03 Apr  2019, 18:45","Livingston - Hamilton","1.71","3.70","5.07","Final result"
"1600979650-1493","https://www.oddsportal.com/soccer/scotland/premiership-2018-2019/results/","Celtic - St. Mirren","https://www.oddsportal.com/soccer/scotland/premiership-2018-2019/celtic-st-mirren-v58uDCZI/","Wednesday, 23 Jan  2019, 18:45","Celtic - St. Mirren","1.10","9.32","26.86","Final result"
"1600979616-1480","https://www.oddsportal.com/soccer/scotland/premiership-2018-2019/results/","Hearts - Hamilton","https://www.oddsportal.com/soccer/scotland/premiership-2018-2019/hearts-hamilton-4nfc0ZkD/","Wednesday, 26 Dec  2018, 14:00","Hearts - Hamilton","1.48","4.30","6.74","Final result"
"1600979595-1472","https://www.oddsportal.com/soccer/scotland/premiership-2018-2019/results/","Hamilton - Kilmarnock","https://www.oddsportal.com/soccer/scotland/premiership-2018-2019/hamilton-kilmarnock-vN1B9wTQ/","Saturday, 22 Dec  2018, 14:00","Hamilton - Kilmarnock","4.80","3.73","1.74","Final result"
"1600979756-1535","https://www.oddsportal.com/soccer/scotland/premiership-2018-2019/results/","Celtic - Aberdeen","https://www.oddsportal.com/soccer/scotland/premiership-2018-2019/celtic-aberdeen-EwHX80w9/","Saturday, 09 Mar  2019, 14:00","Celtic - Aberdeen","1.38","4.66","8.76","Final result"
"1600979406-1406","https://www.oddsportal.com/soccer/scotland/premiership-2018-2019/results/","Hibernian - Hamilton","https://www.oddsportal.com/soccer/scotland/premiership-2018-2019/hibernian-hamilton-4jUpLf9k/","Saturday, 06 Oct  2018, 14:00","Hibernian - Hamilton","1.38","4.71","8.45","Final result"
"1600979801-1553","https://www.oddsportal.com/soccer/scotland/premiership-2018-2019/results/","Hibernian - Kilmarnock","https://www.oddsportal.com/soccer/scotland/premiership-2018-2019/hibernian-kilmarnock-MwXpZdiE/","Wednesday, 03 Apr  2019, 18:45","Hibernian - Kilmarnock","2.38","3.17","3.15","Final result"
"1600979713-1518","https://www.oddsportal.com/soccer/scotland/premiership-2018-2019/results/","Kilmarnock - Celtic","https://www.oddsportal.com/soccer/scotland/premiership-2018-2019/kilmarnock-celtic-KGVOu29M/","Sunday, 17 Feb  2019, 15:00","Kilmarnock - Celtic","7.27","4.35","1.45","Final result"
"1600979344-1381","https://www.oddsportal.com/soccer/scotland/premiership-2018-2019/results/","Livingston - Hibernian","https://www.oddsportal.com/soccer/scotland/premiership-2018-2019/livingston-hibernian-GjT10KXM/","Saturday, 01 Sep  2018, 14:00","Livingston - Hibernian","4.46","3.54","1.85","Final result"
"1600979723-1522","https://www.oddsportal.com/soccer/scotland/premiership-2018-2019/results/","Hearts - St. Mirren","https://www.oddsportal.com/soccer/scotland/premiership-2018-2019/hearts-st-mirren-Mqhfes99/","Saturday, 23 Feb  2019, 14:00","Hearts - St. Mirren","1.45","4.37","7.24","Final result"
"1600979676-1503","https://www.oddsportal.com/soccer/scotland/premiership-2018-2019/results/","Motherwell - Livingston","https://www.oddsportal.com/soccer/scotland/premiership-2018-2019/motherwell-livingston-KvIxsila/","Saturday, 02 Feb  2019, 14:00","Motherwell - Livingston","2.37","3.04","3.31","Final result"
"1600979545-1461","https://www.oddsportal.com/soccer/scotland/premiership-2018-2019/results/","Livingston - Hearts","https://www.oddsportal.com/soccer/scotland/premiership-2018-2019/livingston-hearts-d2S7kIye/","Friday, 14 Dec  2018, 18:45","Livingston - Hearts","3.17","3.16","2.37","Final result"
"1600979598-1473","https://www.oddsportal.com/soccer/scotland/premiership-2018-2019/results/","Celtic - Dundee FC","https://www.oddsportal.com/soccer/scotland/premiership-2018-2019/celtic-dundee-fc-0W27AJDK/","Saturday, 22 Dec  2018, 14:00","Celtic - Dundee FC","1.10","9.61","22.67","Final result"
"1600979853-1574","https://www.oddsportal.com/soccer/scotland/premiership-2018-2019/results/","St Johnstone - Livingston","https://www.oddsportal.com/soccer/scotland/premiership-2018-2019/st-johnstone-livingston-44Zmb8SS/","Saturday, 04 May  2019, 14:00","St Johnstone - Livingston","2.15","3.29","3.50","Final result"
"1600979467-1430","https://www.oddsportal.com/soccer/scotland/premiership-2018-2019/results/","Celtic - Hearts","https://www.oddsportal.com/soccer/scotland/premiership-2018-2019/celtic-hearts-8MDCV2TO/","Saturday, 03 Nov  2018, 14:00","Celtic - Hearts","1.21","6.54","13.10","Final result"
"1600979743-1530","https://www.oddsportal.com/soccer/scotland/premiership-2018-2019/results/","Kilmarnock - Motherwell","https://www.oddsportal.com/soccer/scotland/premiership-2018-2019/kilmarnock-motherwell-QHzwmJGk/","Saturday, 02 Mar  2019, 14:00","Kilmarnock - Motherwell","2.17","3.14","3.65","Final result"
"1600979665-1499","https://www.oddsportal.com/soccer/scotland/premiership-2018-2019/results/","Livingston - Rangers","https://www.oddsportal.com/soccer/scotland/premiership-2018-2019/livingston-rangers-QyaFPkJO/","Sunday, 27 Jan  2019, 15:00","Livingston - Rangers","6.89","4.27","1.48","Final result"
"1600979494-1441","https://www.oddsportal.com/soccer/scotland/premiership-2018-2019/results/","Rangers - Livingston","https://www.oddsportal.com/soccer/scotland/premiership-2018-2019/rangers-livingston-2qeHasr5/","Saturday, 24 Nov  2018, 14:00","Rangers - Livingston","1.35","4.87","9.10","Final result"
"1600979886-1587","https://www.oddsportal.com/soccer/scotland/premiership-2018-2019/results/","Inverness - Dundee Utd","https://www.oddsportal.com/soccer/scotland/premiership-2018-2019/inverness-dundee-utd-zBYMoQp9/","Tuesday, 14 May  2019, 18:45","Inverness - Dundee Utd","2.96","3.29","2.38","Final result"
"1600979439-1419","https://www.oddsportal.com/soccer/scotland/premiership-2018-2019/results/","Kilmarnock - Hamilton","https://www.oddsportal.com/soccer/scotland/premiership-2018-2019/kilmarnock-hamilton-2sUNgFFE/","Saturday, 27 Oct  2018, 14:00","Kilmarnock - Hamilton","1.52","4.01","6.57","Final result"
"1600979529-1455","https://www.oddsportal.com/soccer/scotland/premiership-2018-2019/results/","Hearts - Motherwell","https://www.oddsportal.com/soccer/scotland/premiership-2018-2019/hearts-motherwell-UmCR9nN9/","Saturday, 08 Dec  2018, 14:00","Hearts - Motherwell","1.89","3.40","4.34","Final result"
"1600979688-1508","https://www.oddsportal.com/soccer/scotland/premiership-2018-2019/results/","Hearts - Livingston","https://www.oddsportal.com/soccer/scotland/premiership-2018-2019/hearts-livingston-Cpq8qpAc/","Wednesday, 06 Feb  2019, 18:45","Hearts - Livingston","1.74","3.53","5.00","Final result"
"1600979404-1405","https://www.oddsportal.com/soccer/scotland/premiership-2018-2019/results/","Motherwell - Livingston","https://www.oddsportal.com/soccer/scotland/premiership-2018-2019/motherwell-livingston-nFJkKEOe/","Saturday, 06 Oct  2018, 14:00","Motherwell - Livingston","2.23","3.18","3.43","Final result"
"1600979391-1400","https://www.oddsportal.com/soccer/scotland/premiership-2018-2019/results/","Kilmarnock - Motherwell","https://www.oddsportal.com/soccer/scotland/premiership-2018-2019/kilmarnock-motherwell-Kbj2TI19/","Saturday, 29 Sep  2018, 14:00","Kilmarnock - Motherwell","2.08","3.38","3.61","Final result"
"1600979841-1569","https://www.oddsportal.com/soccer/scotland/premiership-2018-2019/results/","Motherwell - Dundee FC","https://www.oddsportal.com/soccer/scotland/premiership-2018-2019/motherwell-dundee-fc-zPsX1jT3/","Saturday, 27 Apr  2019, 14:00","Motherwell - Dundee FC","1.74","3.71","4.73","Final result"
"1600979758-1536","https://www.oddsportal.com/soccer/scotland/premiership-2018-2019/results/","St. Mirren - Kilmarnock","https://www.oddsportal.com/soccer/scotland/premiership-2018-2019/st-mirren-kilmarnock-YcS80xok/","Monday, 11 Mar  2019, 18:45","St. Mirren - Kilmarnock","4.01","3.16","2.06","Final result"
"1600979631-1486","https://www.oddsportal.com/soccer/scotland/premiership-2018-2019/results/","Dundee FC - St Johnstone","https://www.oddsportal.com/soccer/scotland/premiership-2018-2019/dundee-fc-st-johnstone-GQNFIG5s/","Saturday, 29 Dec  2018, 14:00","Dundee FC - St Johnstone","3.72","3.44","2.02","Final result"
"1600979896-1591","https://www.oddsportal.com/soccer/scotland/premiership-2018-2019/results/","Dundee FC - St. Mirren","https://www.oddsportal.com/soccer/scotland/premiership-2018-2019/dundee-fc-st-mirren-vJPbGkrc/","Saturday, 18 May  2019, 11:30","Dundee FC - St. Mirren","4.13","3.84","1.81","Final result"
